id,x,y,yaw
0,-42.4405,11.8178,2.43746
1,-41.3948,10.6185,2.42987
2,-43.4596,13.0023,2.43953
